{
    "granularity": "epoch",
    "train_loss": [
        4.619739784913907,
        4.6201588320915095,
        4.6212350395329445,
        4.620831807251174,
        4.619653346898296,
        4.621553980176107,
        4.621863306026017,
        4.621461864627537,
        4.620132575559493,
        4.620499786513539
    ],
    "valid_loss": [
        4.611721878910077,
        4.611772624707208,
        4.611406963562959,
        4.611785046076783,
        4.611558661794692,
        4.611686816716188,
        4.611896028351774,
        4.611543573737138,
        4.611588485741603,
        4.61175961627961
    ],
    "valid_acc": [
        1.02,
        1.0699999999999998,
        1.0699999999999998,
        1.04,
        1.0699999999999998,
        1.02,
        0.9900000000000001,
        1.05,
        1.0699999999999998,
        1.03
    ]
}