{"train_loss": [0.07311397809972132], "train_accuracy": [60.56985294117647], "validation_loss": [0.000990103554725647], "validation_accuracy": [4.3]}