{"train_loss": [1.2892145216576756, 0.8386222916627303, 1.1774051011109987, 1.968907005727291, 2.042213223993778, 2.3254832238554957, 2.3336974838972093, 2.3291354418992998, 2.3315012302398683, 2.336462094426155], "train_accuracy": [78.36, 81.94666666666667, 68.98666666666666, 33.04, 27.545, 12.656666666666666, 10.46, 15.025, 11.338333333333333, 11.236666666666666], "validation_loss": [0.028348826274462044, 0.029306338534504175, 0.0628433515071869, 0.061818623054027556, 0.06716647455692291, 0.0782499104976654, 0.07714749007225037, 0.07541492629051208, 0.07820458052158356, 0.07793680131435395], "validation_accuracy": [77.83, 70.88, 30.51, 30.14, 24.1, 11.34, 12.16, 13.98, 11.35, 11.35]}